"att1Twfe","att2Twfe","att3Twfe","att4Twfe","att1Dcdh","att2Dcdh","att3Dcdh","att4Dcdh"
1.23656749725342,3.63932800292969,1.15737009048462,10.0365295410156,2.00224568542949,3.75612400846197,0.563228080596888,1.14800630022712
1.42080688476562,0.869522094726562,-1.06317138671875,-2.49130249023438,2.03509616267116,3.70071425667337,0.569705799178822,1.17841405608579
1.65874939391193,2.40448126640832,-0.130794307919999,1.04096039786599,2.01094430760866,3.8282975022586,0.588517359347445,1.33230471941885
1.67039741359824,2.3232064243794,-0.277006016337253,1.07498171444969,1.98686987734644,3.75382604373217,0.602930233794094,1.14945768663188
1.52792358398438,1.28239440917969,-0.711002349853516,-2.06781005859375,1.95596145000183,3.87187929812375,0.677186108304144,1.2265619624799
1.03539276123047,1.13935852050781,-0.73101806640625,-1.51642608642578,1.98973933503523,3.73774708020892,0.516745684038952,1.28992757555361
1.58842029643539,2.34403988442824,-0.129536624543858,1.24796898909769,1.98279071705593,3.78566688739512,0.575581732633301,1.26768773136999
1.68024164270407,2.37794624139798,0.0635806270715066,0.984063648835556,2.0048105576983,3.73951689551002,0.499643053254662,1.18043183390001
0.979854583740234,1.64940452575684,-0.297822952270508,0.405424118041992,2.00135793442435,3.78834378021602,0.546926093120622,1.28233472700503
1.1085205078125,2.00680541992188,-0.16986083984375,0.360137939453125,1.95871712907356,3.81437377941609,0.641460245438171,1.28944168636353
1.64157104492188,1.46279907226562,-0.869766235351562,-2.00942993164062,1.97839503616167,3.78070124174119,0.581898885611957,1.23077941170971
0.560461521148682,2.16620302200317,-0.0496256947517395,3.81124830245972,1.96372751241992,3.88643988946319,0.557359126853065,1.43506383039595
1.29467475414276,1.85297548770905,-0.360120177268982,0.0762283205986023,2.02846645497438,3.75465985221987,0.576190719852256,1.38811470458484
1.36475372314453,1.57073593139648,-0.757244110107422,-1.92742919921875,2.01516955711059,3.73234011495097,0.57452916443436,1.2420253355038
0.936127543449402,0.902758598327637,-0.99785796366632,-3.21795177459717,1.99408387784193,3.72132909123527,0.492581485002185,1.21792070673698
1.6091260581508,2.27519950933574,-0.0261536047074372,1.03211663387216,1.96958745453962,3.72713837828178,0.510179950803972,1.18915605426633
1.24746704101562,1.36438751220703,-0.674739837646484,-1.48210906982422,2.04020033384295,3.79277906938119,0.622332654327686,1.28651494802786
1.71220012485374,2.42180179956638,0.00673777683822946,1.07578468663441,2.01542988134406,3.82975705731181,0.594845286254709,1.30378068159753
1.7826101060871,2.44562117120337,-0.291178242628234,1.15977729248555,2.01543038932545,3.82645996060926,0.538699267380946,1.2968215492659
1.75375347063975,2.36789169353507,-0.302597580154752,0.97038904745504,2.04003606868888,3.79360152046727,0.625924359746712,1.24801355237936
1.68388425501536,2.47281148996324,-0.100501317771622,1.31392409127674,1.99158940798962,3.89413296306513,0.514791172894003,1.38232565785642
1.73123697823848,2.39062694736057,-0.403651565172034,1.08149034291803,1.99500050046582,3.76241245099587,0.446422518770578,1.2651372649562
1.67327312296872,2.38483825405637,-0.395620018294995,0.902389983507953,1.96842233916912,3.75584130834014,0.591817358848292,1.21725008814221
1.24094724655151,2.59107732772827,0.206312894821167,1.89522171020508,2.00419505563562,3.79928539012216,0.552073605752997,1.25775747078257
1.66829380978566,2.30460346705406,-0.0104367302773606,1.00566080372367,1.978732505133,3.70419717793902,0.496175360045672,1.17504666590424
1.36871337890625,2.36895751953125,-0.155807495117188,0.207183837890625,1.96199431106754,3.77863611606413,0.485407728337217,1.29032336402404
1.87731766700745,3.0936803817749,-0.0694442987442017,0.452761173248291,1.96432387681995,3.69613939242889,0.535683028601171,1.19970063316771
1.18853813782334,2.02484133839607,-0.117824982851744,2.03688071668148,2.03636402412179,3.91275785447888,0.591512110219379,1.40776793018975
1.63408897374441,2.46759511279843,-0.398278154435823,0.89339112511764,1.99354403274204,3.88534510399988,0.644343395995855,1.36967906165909
1.28008270263672,1.35900783538818,-0.904924631118774,-2.90916109085083,2.00210860694957,3.729800007538,0.545033633590633,1.22461035868162
1.76936128703242,2.29179747434174,0.0672813423087776,1.04034582299144,2.02393531507358,3.81665463101314,0.586066765271762,1.24477039372947
1.70984353811638,2.30162860396508,-0.376416134712687,0.928031615984524,1.9888020590953,3.71625446654556,0.542135309516064,1.21830102221237
1.66688537597656,1.50889587402344,-0.832870483398438,-2.0980224609375,2.06116055649952,3.81422577625683,0.576002035995923,1.32648916930716
1.74176025390625,2.7154541015625,-0.26361083984375,-0.3941650390625,2.00893882340265,3.77877539011824,0.535949208894688,1.25709244032132
1.19650423526764,2.29764688014984,-0.638158768415451,-2.49979394674301,1.97248546557412,3.78258705478264,0.492648744945733,1.24850846585599
1.29714965820312,1.31907653808594,-0.879592895507812,-2.61175537109375,2.00176051287173,3.80038141704564,0.514860298639805,1.23234103013803
1.08822631835938,0.872161865234375,-0.79986572265625,-1.80862426757812,1.96557406925409,3.79933758496237,0.570412129275447,1.37742774031747
0.951665937900543,0.94200474023819,-0.908241093158722,-3.96493273973465,1.96864626162731,3.81503863612943,0.599758190102697,1.35454279889418
1.14447021484375,-1.0113525390625,-1.63871765136719,-4.36376953125,1.99955530319712,3.76631170750924,0.526367184844283,1.25522652714707
3.294921875,3.5728759765625,0.2210693359375,-1.26220703125,2.00495324668691,3.72024397880633,0.572596511150335,1.28708400994744
1.57837452505048,2.40674850363472,-0.192912389820432,1.28200662177897,1.99402152166648,3.82459371308055,0.538987104223034,1.29818947937382
1.41485595703125,1.16134643554688,-0.886764526367188,-1.99433898925781,1.98201655429664,3.76728689408195,0.491878296084439,1.20985956143952
1.50635075569153,3.07227385044098,0.0430896282196045,3.27121472358704,1.97943819620707,3.80813555145778,0.656293754667744,1.17124143699446
1.193115234375,1.22752380371094,-0.88778018951416,-1.85547637939453,1.98473561646872,3.85053681548529,0.517099156182293,1.2564127479012
3.27197265625,10.96044921875,3.5389404296875,11.52294921875,2.01385725244223,3.81381473172418,0.576822377888088,1.24125276606754
1.672820317106,2.2745579991816,-0.275616797921621,1.19453719569729,1.99381325088494,3.69650991138403,0.427000531778467,1.199172021833
1.449951171875,0.565277099609375,-1.17848205566406,-3.28005981445312,2.01150457320443,3.78888895495686,0.676373069580894,1.37710556493362
1.25885391235352,1.33266067504883,-0.713674068450928,-2.04297256469727,2.05330783235329,3.73442925314612,0.529173093039645,1.26219108463806
1.73955575952445,2.44310145724819,-0.0187274388529224,0.932699699953009,2.00263287578094,3.78192741159244,0.668192593900891,1.37957896467359
1.55406188964844,1.58155059814453,-0.786338806152344,-2.31242370605469,2.01593456463946,3.71758210513019,0.512633310458176,1.24312907554527
1.75141758972271,2.47269587238725,-0.135592267449043,1.04367411840298,2.00884645629587,3.83457942014917,0.615342098300958,1.27626560839697
1.66204531304222,2.37526613435263,-0.11933956753694,0.815033969337031,2.02791846666927,3.84642154572372,0.635419615873541,1.25300679387892
1.13437169790268,1.2441577911377,-0.791796565055847,-1.74288165569305,2.04622556919482,3.75156914339023,0.487074517570697,1.22225444438005
1.51557922363281,1.20449829101562,-1.06936264038086,-2.13287353515625,2.03227398159689,3.86059855292347,0.488871640173449,1.02696062255495
1.93349075317383,2.6925163269043,0.17264461517334,0.116209030151367,2.00260729990121,3.83749266602066,0.550949349130278,1.24433430978394
1.4188346862793,2.48476433753967,0.245164155960083,3.04387331008911,2.02393259933561,3.81464817799275,0.651966545296536,1.33728521929166
1.60368347167969,1.61521911621094,-0.735988616943359,-1.61858367919922,2.01722380618565,3.84039942944396,0.593236348131932,1.39254551955452
2.57139587402344,2.30099487304688,-0.921089172363281,-3.61306762695312,2.02788361966135,3.82906062215836,0.53015329183882,1.29185441017866
1.63791524110593,2.33897804098916,-0.296445210784188,1.26730693636644,1.96519256414535,3.86003362265723,0.523155843785925,1.34685600130367
1.74952697753906,1.67921447753906,-0.560382843017578,-1.58451843261719,1.99857872006117,3.8478103391772,0.635892583431298,1.31538780632398
1.2388916015625,1.64204406738281,-0.715213775634766,-1.98123168945312,1.95559414707052,3.84459834148132,0.556827126351044,1.34551194345884
1.66808020980891,2.39879873201027,-0.348269780224469,0.973022587790687,2.00336503749527,3.78184330883042,0.596725451495653,1.31540408641262
1.39763641357422,3.05228233337402,0.431431770324707,2.78036689758301,2.02682722337382,3.78888129823543,0.538149201053531,1.29757493595004
1.26880645751953,1.74332427978516,-0.539890289306641,-0.883651733398438,2.06981430481331,3.83743936906009,0.544514376347135,1.20258940769144
1.65201114701145,2.28997561468723,0.0102878968782209,0.950339177804565,1.99066696597522,3.81829997768853,0.490476631854914,1.28660052741957
1.63728664106482,2.37673293492971,-0.0473700944227118,1.09379687380092,1.99767927959685,3.74583020420218,0.497674519746341,1.22693978395554
1.68211364746094,2.05586242675781,-0.503288269042969,-1.27279663085938,2.01149725038333,3.79158753154857,0.546713493980068,1.18459649721405
1.98516845703125,3.3267822265625,-0.05377197265625,0.58526611328125,2.02536738804833,3.68676080067941,0.525561572412087,1.2287351271397
1.74056788775898,2.44570466791127,-0.555782240727574,0.9935860438847,1.99566101796517,3.76816489324777,0.554082544173489,1.22735629289363
1.75440227909609,2.41146459170524,-0.0447907314902782,1.32957491029965,2.06371021693384,3.80483314474229,0.544499237344844,1.16085861650566
1.69023347637414,2.61198898947301,-0.223226616852181,1.04427539242024,2.02332948576693,3.85234798262286,0.526876777061672,1.28902303021007
1.64950561523438,0.52142333984375,-1.02760314941406,-2.9718017578125,2.0166758980877,3.87375697285978,0.482254012829978,1.31920545263812
1.6902491189591,2.42277231675728,0.0613040941828168,1.03443113527003,1.98904834820336,3.80895264336461,0.58871908060248,1.20950520856169
1.74865754592204,2.19989846246918,-0.177646845392123,1.31302800539922,2.07029948373034,3.71029581916707,0.541831186240587,1.28047642676066
0.774886608123779,1.56692743301392,-0.526996612548828,0.0795626640319824,1.97109531589423,3.64071182783658,0.617372167573316,1.35080286724469
1.64436538704442,2.3264798135678,-0.0879885097498157,1.17034250936982,1.98840886394143,3.79536660567276,0.496046406187117,1.24828330031457
1.65517067909241,2.92184257507324,-0.00908458232879639,1.40353107452393,2.01950129696786,3.7531317276558,0.657694269418202,1.23043390772924
1.51878356933594,1.21494293212891,-0.89471435546875,-2.29012298583984,2.02376115101235,3.73894660463029,0.570137294315492,1.24742954318427
1.73296391826751,2.32791729340452,-0.110338973526311,0.946195988620976,2.03885800967617,3.75002779983673,0.589577829637611,1.26854819829491
1.61549030821832,2.42368134203615,-0.0124366340375783,1.0492275094814,2.01116017888255,3.81306715665321,0.530300724709846,1.26267583864065
1.72790331282131,2.2965652394166,-0.250559993984909,1.30378680960573,2.03498363841484,3.73546843071497,0.52885520073363,1.15656016598577
1.71215414137897,2.3698053655223,-0.438061011870911,1.36230830083787,2.0088893425168,3.78680149056732,0.498137006679789,1.26058009898425
1.50579833984375,1.07637023925781,-0.585502624511719,-2.28106689453125,2.05519676725047,3.79710484386125,0.439752528590981,1.26055289220627
2.00515747070312,1.75271606445312,-0.898452758789062,-2.95328521728516,1.98974877919092,3.73277980572458,0.569203944019021,1.28819100227402
1.10635566711426,0.875433206558228,-1.50753426551819,-6.12635135650635,1.95174896190765,3.84204258262331,0.53117904573161,1.30579244124341
1.66168804888672,2.43406709635885,0.0910918553216332,1.01181436774204,2.00349445069285,3.79681263266138,0.57517514733294,1.31272424993315
1.22254943847656,1.70948028564453,-0.574932098388672,-1.61231231689453,1.96738380966098,3.81160706575315,0.53153638193062,1.34425811591875
1.70642603143642,2.42900898792003,-0.0411952366483705,0.879504509739982,2.03433199158562,3.83887390422651,0.502997882644917,1.26177632701399
1.68190479345405,2.32477352218052,-0.246528554976967,0.549018539703546,2.01407986767226,3.74683349717382,0.563161410031845,1.20618081362129
1.65465662502429,2.47792646170287,0.150474964931328,1.09464870848561,1.99131427142209,3.86060449886387,0.51539390240207,1.24018920457937
4.02734375,11.50341796875,4.069580078125,10.557373046875,1.97569486281557,3.83274129512528,0.544209840162985,1.32649604910036
1.6744812678476,2.38067506491659,0.0588551105206644,1.07026735573407,2.00318596315615,3.70127367467054,0.531806930196281,1.29305937986855
2.1439151763916,3.92832946777344,0.382346391677856,3.00117206573486,2.0601412662367,3.76323475456944,0.488126315853332,1.31474116627628
1.72180394272334,2.40749985155303,-0.015728111181702,1.20921156246177,2.05375641593133,3.86748519330133,0.581776756620965,1.41444160226883
1.67000232067991,2.29470636470695,-0.411169993821007,1.07806167364648,2.00937387149037,3.70145405395115,0.514973298260682,1.12126875426414
1.57419967651367,1.49028396606445,-0.788887977600098,-2.66381072998047,1.95878336444866,3.7533476290476,0.451054160639064,1.36548858868904
1.59984588623047,1.53687286376953,-0.629234313964844,-1.84352874755859,2.01794645966045,3.83098497573276,0.550704734087828,1.27588431882447
1.65983385356464,2.49785544055629,-0.153333733680443,1.14350690139074,2.0020730866296,3.92431753229804,0.496981061438864,1.24390537909554
1.72986942932228,2.36723230650659,-0.046523964965105,1.15015213726161,2.00548521971359,3.83366902865243,0.511244265005306,1.20239168121359
1.95281982421875,4.600830078125,0.434814453125,2.8707275390625,1.97167298777563,3.73978055295918,0.495852858440494,1.33835829545539
1.73207536838155,2.41485124869549,-0.353461035956259,1.03689371948662,2.01990239418971,3.71423966219541,0.585442400039185,1.175608150718
1.63765009695843,2.42139398992837,-0.283341021148621,1.39395749400133,2.03418621486024,3.77214320622976,0.491968266444975,1.21987603661382
1.62219461640426,2.36445574067611,-0.102335649128411,0.876396599528055,1.97753180177175,3.85230829367735,0.594273960376668,1.28387721004469
1.81282043457031,1.58219909667969,-0.630050659179688,-1.90518188476562,2.01913802013264,3.80408392931176,0.580760825011366,1.25656059489083
1.14941382408142,2.14464259147644,0.0978510975837708,2.69432926177979,1.99727889357127,3.84658176315579,0.608215327332588,1.256404675138
1.15528869628906,1.30835342407227,-0.880971908569336,-1.96232986450195,2.0144322671618,3.74611741508634,0.580857652104481,1.18085639084254
1.02304077148438,1.40945434570312,-0.939682006835938,-2.088623046875,2.02649033108746,3.83444452796146,0.599123585268491,1.28669242607472
1.63306788082792,2.36341055847455,-0.251576987859534,1.22904939719784,2.00168907189227,3.80848942622691,0.563707312204448,1.26120626787516
1.70590704201897,2.43802499001904,-0.401138510519926,1.07019297768485,2.01563466040161,3.75067874938035,0.507432358941574,1.27484113639631
1.95866394042969,2.97037124633789,0.184745788574219,0.777843475341797,2.01102823488501,3.85812718630981,0.494143970931027,1.28735096209121
1.68941826720081,2.48431317370309,0.0336430548959493,0.730197082394652,1.99045145832713,3.90702561805426,0.616827554447827,1.36843216994562
1.6799141242649,2.3839840536129,0.0518005984390164,1.13215580921234,2.00930261865763,3.76351310766563,0.483421477920353,1.12587612027442
1.62452171133718,2.33883236836681,-0.0877417105218157,1.07782344835128,1.96930011509365,3.73094646110653,0.567961027087373,1.2404778543763
1.6764547412927,2.34897565359627,0.281168740735142,1.34932303972447,2.01354193471512,3.77414267535734,0.60092666895717,1.27618518023617
1.63263048920957,2.25788808957325,-0.319914025434034,1.28766580643127,2.05408454201011,3.66474460946417,0.49359816734464,1.10525303057387
0.862841367721558,1.94832682609558,0.0171915292739868,3.19326615333557,1.98897435757642,3.83015070655206,0.585530649952402,1.33208673141632
1.20381164550781,3.24430847167969,0.520347595214844,2.00904846191406,1.97238120829854,3.76368901648373,0.557693965261095,1.3051998792962
1.68028284227715,2.42254361359136,-0.0843834857505049,1.26544700317623,2.06636628227445,3.78502443519721,0.502358037041266,1.33155870466103
1.60976321677658,2.31228083493576,-0.0396498223580984,0.885920385120837,2.01083091500803,3.67947307421696,0.52652825081229,1.26551857384791
0.966039657592773,2.7808666229248,-0.190141201019287,2.67156791687012,2.03609648936048,3.74255036336322,0.501862859376785,1.19441114686325
3.619140625,0.017578125,-1.3240966796875,-10.248291015625,1.98966197969273,3.6494941403916,0.592758202121973,1.12809121171282
1.68129932860779,2.41801508477205,-0.0837921258662139,0.934686481699477,2.03879511778404,3.74462499520056,0.461027854751664,1.24747634035134
1.69255860717081,2.40277184413192,-0.233134040537026,1.55702496547043,1.98817436612549,3.7786835343393,0.572506201236352,1.35828155183895
1.29562592506409,1.3531973361969,-0.784854233264923,-1.98329734802246,1.99728248294525,3.83520982251812,0.622149878038992,1.31363961887655
1.871826171875,2.24642944335938,-0.153213500976562,-0.96551513671875,2.00011238067495,3.90071211254361,0.540666546539235,1.28907082596016
1.61130523681641,1.57855224609375,-0.674789428710938,-1.72120666503906,2.01988138506333,3.90835409424259,0.547139421503876,1.23603589760621
0.787918090820312,1.05461120605469,-0.998016357421875,-1.93011474609375,2.01203145220203,3.71173023931755,0.598363215440456,1.39138939207899
1.341064453125,0.91229248046875,-0.80718994140625,-2.51947021484375,1.98724320952851,3.79905785122821,0.561978527251426,1.32341712292982
1.67559649224279,2.3624132677778,0.120725846007268,0.983904883814469,2.01277889167672,3.70770194402603,0.579897682692573,1.24506290872833
1.28854751586914,1.65990447998047,-0.625251770019531,-1.48154067993164,1.96172442134509,3.87625754969255,0.559233654502541,1.35589872596265
1.6579526208169,2.42298733201329,0.0718369254001491,0.906392274429286,1.99745342078532,3.71261590693384,0.504450972487491,1.24637819196631
1.92205810546875,1.01748657226562,-0.92803955078125,-3.12380981445312,2.02165100057626,3.90807375448557,0.562629167548891,1.34686274586745
1.37076711654663,1.21781778335571,-1.46132251620293,-5.6574969291687,1.96450591623486,3.80117693551745,0.511143177391044,1.26807410888519
1.66590991298149,2.23420736733999,-0.306053292638425,0.908972855411103,2.01213248723715,3.63454492022103,0.474333641844216,1.19537992333303
1.70799032271505,2.32698515895929,0.136761432715387,1.43223071291114,2.02928460816694,3.82551397615538,0.549676369246291,1.26233319331421
0.882896423339844,1.21272277832031,-0.923934936523438,-1.73342895507812,1.97479343329896,3.77762471202661,0.52531868626648,1.21342151325161
0.570079803466797,2.25272941589355,-0.0268363952636719,6.68989372253418,2.02661920431043,3.74099938159018,0.498430094232922,1.2427141761438
1.55648803710938,1.40110778808594,-0.671073913574219,-1.86338806152344,1.99356734526224,3.78573123749933,0.61536781639911,1.22275447651523
-0.06787109375,-4.8887939453125,-4.12158203125,-11.334716796875,1.99656003034783,3.79678087771046,0.508945945077469,1.19592672243022
1.68912506103516,1.82063293457031,-0.196578979492188,-1.38723754882812,1.96882491129555,3.71005669911151,0.522271350103562,1.24751524295513
1.70636890657779,2.37248036148562,0.210407869286996,0.885012526087516,2.03021717507296,3.83209982954118,0.522233830379037,1.27222384422782
0.554813385009766,0.256584167480469,-0.754297256469727,-0.0158729553222656,1.96489377801269,3.75818764171493,0.504889276901445,1.23024542098344
1.61693286895752,1.60479211807251,-0.86870813369751,-2.37758755683899,2.00563547928524,3.75994918425034,0.52873632986489,1.31800856794971
0.639579772949219,0.207077026367188,-2.09346199035645,-6.57269287109375,2.02901722387672,3.77343564486266,0.514639205701496,1.2610194599384
1.4156494140625,1.8848876953125,-0.34552001953125,-0.703857421875,1.97161171549405,3.74786341758842,0.520568923017532,1.24786365538694
1.42979431152344,1.15499877929688,-1.20883178710938,-2.05143737792969,2.01858400373772,3.77992596572595,0.541253724025664,1.3377216362321
1.65764239383701,2.37917355292845,0.255222663662256,1.2005254942318,1.97210922548823,3.79202087719193,0.470644798267948,1.30912041127162
1.6807837029025,2.3838859967268,-0.462415789077755,1.13326603958299,1.9920972231102,3.83569092762311,0.528357442572308,1.24729124135414
1.3121337890625,1.68429565429688,-0.345817565917969,-0.3779296875,1.98134729648665,3.85892401297654,0.541800253014013,1.28481438658394
0.868199348449707,2.12075328826904,-0.115742206573486,3.23299598693848,1.98865729666504,3.71313172273107,0.483267531597576,1.24689019983873
1.22320938110352,1.4560718536377,-0.692054748535156,-1.93645477294922,2.0003022235076,3.74216163119699,0.49889150944035,1.31194974024883
2.19091796875,2.90277099609375,-0.057891845703125,-0.52197265625,1.97405189600732,3.80685689004925,0.574320348980952,1.23371026362158
1.81546020507812,3.263916015625,-0.162582397460938,0.380157470703125,1.97029369465555,3.81363438182159,0.488900983193049,1.3341796555467
1.21633911132812,1.35443878173828,-0.698110580444336,-1.39808654785156,1.98819678767151,3.80735193526975,0.582804921279647,1.21089077947226
1.9180908203125,2.38026428222656,-0.244796752929688,-0.967803955078125,2.00486211284167,3.74810383407578,0.706352674730927,1.32973660531701
4.088623046875,16.27490234375,5.2379150390625,17.35107421875,1.98344720542928,3.77105660283096,0.518871122250855,1.19536543889022
1.66004943847656,1.59443664550781,-0.843399047851562,-1.92570495605469,1.9694365019821,3.81019567213292,0.672191700804542,1.25776249121335
1.4241943359375,1.86415100097656,-0.780075073242188,-2.13760375976562,2.00447521946875,3.7246316281536,0.594702788115668,1.22762590910481
1.95391845703125,2.05166625976562,-0.34344482421875,-2.61141967773438,2.00096013316991,3.84688562214545,0.622685765170101,1.31306727128374
1.62518310546875,2.66378784179688,-0.274917602539062,-0.0838623046875,1.99517392908423,3.807939038674,0.554698341903476,1.27596485108263
1.12259292602539,1.14538192749023,-0.794300079345703,-2.08728790283203,1.95318708524514,3.78744233398793,0.607940325661976,1.2209558077035
1.29531860351562,-0.013275146484375,-1.26960754394531,-3.5213623046875,1.97355499763848,3.90926500026208,0.560798219475303,1.35683977130127
1.43106269836426,1.59683609008789,-0.770495176315308,-2.20185661315918,2.00095852597912,3.64885623064559,0.507514468424098,1.22222557382474
1.50022125244141,2.98366355895996,-0.124424457550049,2.17184543609619,1.98396726914375,3.7136955089845,0.485083154458363,1.21058011839346
1.59161201530678,2.39097228325213,-0.299949470431748,1.25506781131556,1.97056011839881,3.87730355594887,0.564621762067482,1.29039828115451
1.64251849781357,2.45531945908605,-0.651959662091268,1.02953891030452,1.98858776136816,3.82852087380714,0.583632462648157,1.26277390983722
1.68142941635146,2.46037787041083,-0.290605437557477,1.40002641163134,1.98487831594302,3.82764200831835,0.528734451495435,1.30006774673557
1.68040443764629,2.26786820578497,-0.117137293489787,1.17067187170117,1.99496008889169,3.70921377367989,0.47400014199597,1.12042661309908
1.64435423839793,2.33542291849285,-0.134434194555666,1.04514114151197,1.95351070945751,3.782343258321,0.557464300579349,1.2795291842334
1.68556107803861,2.33083798546286,0.0430688527627573,1.13242040962406,2.03569847462652,3.74034324563053,0.650670121975706,1.18755192873823
1.72046602920634,2.2533700524312,0.060382685214451,0.908078901980066,1.98095368028816,3.78067619839898,0.48361802973677,1.2577004273079
1.99781799316406,-0.00810480117797852,-2.57033595442772,-11.5376634597778,2.0335514928926,3.68763832866408,0.536351276821335,1.1108583178912
-5.87744140625,-0.900390625,-3.36328125,9.847900390625,2.02817338785866,3.80104839699766,0.497391394121466,1.25591856879255
1.68132006223855,2.47632123040956,-0.486241511802583,1.09794937913106,2.03118471317392,3.87500207883568,0.591873755874033,1.23943450384095
0.962080001831055,0.915602207183838,-0.962614297866821,-2.27514219284058,1.97415460229706,3.85381570169925,0.524921430160835,1.38496626963581
1.65684740788372,2.42790752029105,-0.145767939010928,1.07211879353029,1.98623324878127,3.82968070489707,0.517139394354867,1.33962907753287
1.55612182617188,0.77276611328125,-1.09151458740234,-3.21368408203125,1.96982200061254,3.82666273850861,0.620081714116954,1.24788543945829
1.35259912163019,2.44923938810825,0.0451204823330045,2.50456990301609,2.01433787849471,3.67455001338573,0.496181439027142,1.14772026700646
1.37220430374146,0.206915140151978,-1.91860747337341,-8.20069670677185,2.01092020956537,3.87585613571491,0.573643812949041,1.27231196924283
1.57456970214844,1.22673034667969,-0.806571960449219,-2.08869934082031,2.02182882429921,3.81409848820129,0.586825442834399,1.22216263611731
1.37136840820312,1.88713073730469,-0.448230743408203,-1.08525848388672,1.96723213297913,3.84209984112497,0.625625500863275,1.47819952649395
1.69012508953718,2.30674892147078,0.242730066082326,1.08126438200996,1.97817733713297,3.80659354847969,0.526675216850729,1.25720772073666
1.62869571579578,2.32036388960654,-0.429233965931479,1.17566619662583,2.01955208220762,3.75717166735172,0.528164499247823,1.25319267562304
1.21348762512207,1.71931266784668,-0.591083526611328,-1.24636840820312,1.95675188633691,3.85267999759428,0.578441937196003,1.26351363719277
1.64342814165417,2.41173353001952,-0.236498591149539,0.91975259774552,2.04639474832135,3.86895321828122,0.641281698648051,1.2860981694693
1.36173248291016,1.64480209350586,-0.716911315917969,-2.11609649658203,1.97516062915918,3.79571041256383,0.592331921598473,1.21728551098392
1.31840282678604,2.6094368994236,0.29540827870369,4.93833503127098,1.98888614821164,3.89294770762993,0.549532144707279,1.35151123443934
1.56777283272563,2.50261746972955,0.263684869293845,0.861749958676968,1.9884038749771,3.91089460859284,0.566110841937929,1.40105125387311
1.13567352294922,1.64563751220703,-0.54327392578125,-1.08108520507812,2.0295470711335,3.84465055870759,0.51409316083085,1.27974130916421
1.69263321635889,2.51280106966282,0.0371592048303707,1.30309363814704,2.05377941415206,3.91058697084669,0.52286325478281,1.37837689446221
1.66510869526895,2.44569536406905,-0.410146157910761,1.28593867837677,2.0294683670916,3.78843389594108,0.512996371561473,1.25535084971795
1.66939820428118,2.38801713231614,-0.152006288060873,1.20589954592529,2.01714255324048,3.80970175190982,0.570290314443206,1.28870376241683
1.7390718042134,2.39163411245719,-0.0689258810753186,1.08587566521729,2.04801979406021,3.81805904178998,0.585204511872842,1.2309334351058
1.65101842697744,2.32471140373693,-0.0591197751504072,0.871169551400232,2.0665538325773,3.85515620825334,0.518171905812127,1.2520117512587
1.73001098632812,2.05210876464844,-0.4136962890625,-1.21601867675781,2.01977838306101,3.78105886890403,0.449343139030495,1.24089796352697
1.43606567382812,0.80401611328125,-0.816085815429688,-2.68341064453125,2.01960359149441,3.82347280129439,0.552251609149226,1.34460835457247
1.7936117529601,2.41941807829248,0.0740821836461826,1.07450423296167,2.00058655834281,3.8354290236106,0.470226144276598,1.26889403669263
1.59178705834033,2.41907320108091,-0.00946492664409082,0.992282908501637,2.00260541320144,3.80905048576022,0.508236253663462,1.36297252222987
0.95184326171875,-0.3204345703125,-1.17977905273438,-3.02606201171875,2.03775048448689,3.93139084118554,0.508480302194644,1.36743333670859
0.73577880859375,1.28233337402344,-0.876197814941406,-1.25335693359375,2.01786932748447,3.75780651848245,0.568213553900645,1.30022527543999
1.28509521484375,0.1995849609375,-1.33785533905029,-3.44662475585938,2.01246677727007,3.73979996487902,0.496122711845098,1.21455427884019
1.15355539321899,2.08717250823975,-0.152381896972656,1.18127012252808,1.98240919805403,3.84250457302383,0.546483638151445,1.41184074027229
1.42922973632812,1.71762084960938,-0.579483032226562,-0.804168701171875,1.99674914214489,3.80759063375485,0.645553701763965,1.23089864728563
0.195068359375,-6.564697265625,-3.468994140625,-10.1650390625,1.9748763449656,3.75215195508799,0.544802100296476,1.20619287528202
1.66204833984375,1.54090881347656,-0.918678283691406,-1.81571960449219,1.9816728957123,3.8507006474416,0.636193314516053,1.22065599495061
1.50346374511719,1.31259155273438,-0.707763671875,-2.00381469726562,1.95743298903468,3.90614800404732,0.574934371058331,1.26371312281286
1.26139831542969,1.57450866699219,-0.584518432617188,-0.93017578125,2.00918017893968,3.84509853437139,0.560318229732942,1.21387340121208
0.381653785705566,-0.729852199554443,-1.52457964420319,-6.92266654968262,2.00014899561956,3.8526690185803,0.471946100489387,1.30209471759131
1.84066772460938,2.55801391601562,-0.405479431152344,-0.615966796875,2.04642459404106,3.78184929280175,0.533779410141401,1.25075735633205
1.6657475497294,2.40362397248465,0.105357066693145,1.42588149959916,1.99483137799227,3.74499271750446,0.651384657228253,1.3498599006444
1.62409308921353,2.28381265054391,0.173231007721646,1.06022775311306,1.99825409323925,3.81963355010539,0.521863330164828,1.2886091656264
0.14703369140625,-0.908687591552734,-2.84442806243896,-6.79282855987549,2.02441119999589,3.83243398916762,0.580533501659803,1.33796630260923
1.6860578668999,2.39828494285027,-0.538524426448152,1.043112994239,2.0525910087762,3.75192249863279,0.526354427988438,1.27618391904934
0.290896415710449,0.564517021179199,-1.37566757202148,-2.5864429473877,1.92753418482042,3.82162277914365,0.504859370563927,1.31501258199417
1.69092078780495,2.38282788971579,-0.435360667109824,1.11638702368556,2.00818159863236,3.75830022855817,0.561043882843783,1.31713536662988
0.72283935546875,1.2698974609375,-0.948463439941406,-1.37388610839844,1.95079234491022,3.76524933678101,0.59376366915456,1.23383719057585
1.66922317723455,2.3812169197893,-0.0889925310034071,0.781485814657481,1.96652553751976,3.78880072800925,0.599921365424153,1.32563717384471
2.17777633666992,2.63185501098633,-0.656411170959473,-2.28371906280518,2.04133406191076,3.84355822845468,0.565084466326441,1.22252534549628
1.18766021728516,1.55619430541992,-0.0484147071838379,1.60875701904297,2.01761307711263,3.72868492319246,0.531368165559479,1.31485766783841
1.69568098425485,2.3123524903024,-0.150938311451362,0.592763310063524,2.02393004596799,3.767852463202,0.476836603281286,1.22885598510968
-0.7708740234375,0.370361328125,-1.7916259765625,-0.145263671875,2.04729166626322,3.84086088289834,0.571165323117612,1.27911341620877
1.10549640655518,2.003662109375,-0.0266319513320923,2.25605535507202,2.00276213591686,3.89555106159558,0.544384946675724,1.22453407517941
1.46343994140625,1.0670166015625,-0.902359008789062,-2.45059204101562,1.9456760156979,3.75513015734413,0.536353405655308,1.13318876196622
1.70690300368485,2.42330070570402,-0.0386565127462305,0.794048082778389,2.02280651552008,3.80418520745073,0.462906833168319,1.37538521648977
1.18762683868408,2.63920402526855,0.315955638885498,4.58515453338623,2.0331704445974,3.80650097206606,0.562451802809199,1.21786359209651
1.76318359375,1.869873046875,-0.46270751953125,-3.1728515625,1.96341677194643,3.76178880937566,0.556441457902575,1.25313145250054
1.62389862970153,2.33005756420023,-0.0529643099392715,0.861021600137126,2.017258316779,3.83465323602904,0.498852779913683,1.29286127307324
1.80401611328125,2.27142333984375,-0.483062744140625,-0.74847412109375,2.04406632555728,3.859214490995,0.552319026469659,1.19289897851744
1.12558746337891,1.37497711181641,-0.818649291992188,-1.82501220703125,1.99030805747648,3.90536277386985,0.544532551901714,1.34865309242209
1.5579833984375,2.5286865234375,-0.482391357421875,-0.152587890625,2.00367367587348,3.77320356744254,0.522377804072299,1.28025535619238
1.21907001128966,2.98281553121433,0.573994653099362,7.27960227295807,1.98855058722795,3.76454946265543,0.540004293182401,1.22381625037499
1.473388671875,1.38400268554688,-0.6112060546875,-1.79742431640625,1.9954535848494,3.80695631369299,0.546438949218728,1.32027415694078
1.98736572265625,3.94244384765625,0.249847412109375,1.5736083984375,2.04437051878775,3.7538001725359,0.57259744464487,1.25920411533805
1.72094318814607,2.4462465708552,-0.124862413161718,1.03350019457317,2.0145456051478,3.80143598864377,0.576966410272957,1.3177876694214
1.86447143554688,2.116943359375,-0.667144775390625,-1.05950927734375,2.01727794552972,3.81125587339486,0.554002538986354,1.22317592943062
1.66438996416731,2.39570649845739,-0.34321838889772,0.743855892953085,1.98114899688198,3.75895896108778,0.491894991955659,1.17623277983377
1.7625732421875,0.3819580078125,-1.36103820800781,-4.66754150390625,1.99434080559701,3.80413278340794,0.59575482970744,1.19103086034854
1.53857421875,1.2587890625,-0.783645629882812,-2.22369384765625,1.9709448760937,3.86721295451041,0.482010568824889,1.44333624506086
1.74807739257812,1.497802734375,-0.95989990234375,-2.46075439453125,2.03762265880485,3.84246693135943,0.599988837378202,1.25487087282412
1.491943359375,1.310302734375,-0.812141418457031,-1.91792297363281,2.01846000993903,3.8125741577248,0.5695158576722,1.15977411603877
1.63073120471774,2.35861166225827,-0.401240003019511,1.04465188643795,1.95558541639928,3.86613585485763,0.613953638080007,1.36537270049626
1.22088623046875,1.49312973022461,-0.605142593383789,-1.49655532836914,1.97485956996495,3.75613000921551,0.518336002865854,1.18875787631828
1.58083560984924,2.32593146788022,-0.121598235326229,1.11109045350345,2.02824666808615,3.7702502364949,0.544876908854194,1.28512548513275
1.65674427684224,2.29641278006993,-0.125975682779607,0.955018566693499,2.00944340311368,3.65192176956867,0.503336910379709,1.19259764849875
1.67476150882905,2.24888968818269,0.232260312114018,1.07715089551247,2.01809819341471,3.7596637739544,0.54862791024142,1.21827619702694
1.62662506103516,1.68289184570312,-0.644645690917969,-2.02187347412109,1.99776698949399,3.92818878413731,0.569333362561901,1.37781806108295
1.25688171386719,1.57176208496094,-0.619941711425781,-1.19352722167969,1.9982636723273,3.79321606241244,0.517602646523605,1.31020402562035
1.340087890625,1.70093154907227,-0.755514144897461,-2.03256988525391,1.98879215634719,3.69262383723163,0.553668786279324,1.26577823875519
1.88983154296875,3.18841552734375,0.113525390625,0.4046630859375,2.01521391403965,3.8261801090076,0.483151799097563,1.25987922654322
0.967537879943848,1.71819257736206,-0.554074645042419,-0.758814334869385,1.96527818148168,3.77243038548981,0.634467612167794,1.25960342450489
1.34500122070312,0.438995361328125,-1.10650634765625,-2.81494140625,2.01113384924728,3.77570469418712,0.535085770500096,1.25443296426041
1.7277252183493,2.29222661781383,-0.240138462148495,1.1621569486325,1.9552598711576,3.79990548998719,0.528394499436058,1.22589454059987
1.50586700439453,1.48574066162109,-0.682270050048828,-1.76515197753906,2.01762715839076,3.74819272279127,0.569840212611059,1.2446269695708
0.84326171875,0.33990478515625,-1.01986694335938,-1.96539306640625,2.00863602917351,3.82265104820223,0.611524637601273,1.30859668137461
1.58799852013815,2.33935837971173,-0.0533485376028208,1.32481875286634,2.01300053141706,3.78512172415926,0.438577239551798,1.20813362981628
1.62648440378745,2.35837113739201,-0.179659864034532,0.904820038820153,2.02247312711311,3.82880684237955,0.448123957714571,1.32223946121176
1.68385496081762,2.48917959964289,-0.297212146374763,0.850179235801796,2.00154349263769,3.80925790935125,0.575808093967903,1.31685735017647
1.68509806976435,2.27457005225309,-0.0242264519309397,1.27731353073992,2.01540654336354,3.78822858887935,0.477213732330375,1.287683034293
1.60140748590206,2.38708349445683,-0.214100270249148,1.42794473984028,2.00266277123246,3.79890511048488,0.571131366863341,1.25377670429042
0.989851951599121,0.869065165519714,-0.937217772006989,-3.23406410217285,2.02830951370436,3.76820408460251,0.602516190282207,1.30134356346768
1.06078338623047,0.897552490234375,-0.839291572570801,-1.49601745605469,1.98049490706654,3.82081949515677,0.539712049230562,1.23563377655233
1.62688019228284,2.45737746305106,-0.192925838507493,1.14439821603042,2.02386345365163,3.82784162695442,0.562476808643918,1.23601911885565
1.3188624382019,-0.261815369129181,-1.76371097564697,-10.241069316864,1.93568915437652,3.74294430944529,0.562774629683601,1.2369135154513
1.62228393554688,1.64067077636719,-0.708545684814453,-2.49066162109375,1.99393443079619,3.87257232488678,0.441769905640826,1.29038468603044
0.846110582351685,1.97829639911652,0.235806822776794,2.89161920547485,2.0134589457331,3.85548435671026,0.666556052184559,1.30990251179017
0.968541741371155,2.04884517192841,-0.141771554946899,2.68395364284515,2.00462446634521,3.74597744487619,0.513797169331929,1.23645440855933
1.66923808547857,2.42214418945876,-0.0976766438885415,1.11319700968226,2.01680245159377,3.7622077811034,0.548303686414064,1.32362112497818
1.486328125,1.36367797851562,-0.791130065917969,-2.494873046875,2.03692056466245,3.82971474316388,0.581843150761066,1.31285289159813
1.19619750976562,1.5006103515625,-1.03249740600586,-4.87020874023438,1.98298735486643,3.86256204690877,0.575144516343924,1.425923043928
0.857555389404297,2.78632354736328,0.232263565063477,6.93499755859375,2.04936296989176,3.69688458486531,0.534262330838796,1.21099366030716
1.61139106750488,0.0201511383056641,-2.70088696479797,-10.5470809936523,2.02120161343068,3.77854158175585,0.538477748359419,1.28155918578569
1.70942849526776,2.29586963605068,-0.357651057618735,0.878520708693505,1.99313130194999,3.70163073772655,0.495610789264586,1.29496628071236
6.009765625,5.9105224609375,2.0379638671875,-4.9061279296875,1.98868642589893,3.78527990362314,0.580624261687972,1.27288618664771
1.77525787303025,2.48527175036877,-0.0453018309557534,1.19656651791138,2.01934922353441,3.86587181658055,0.575899212346817,1.34593577690773
-0.149658203125,-4.3548583984375,-3.1397705078125,-8.138916015625,2.02757050409923,3.8126081125538,0.637212312027399,1.30872985079547
1.70631687007116,2.40250032402841,0.0851914137354385,1.12301054548101,2.02467337774779,3.84686327518885,0.534057491182844,1.26428775486893
0.979339838027954,1.98742294311523,0.0170443654060364,1.70820546150208,2.05264100689001,3.68324410209848,0.553445625765262,1.19420923319322
0.379575729370117,0.444074153900146,-0.378562927246094,1.12405300140381,1.98846389839216,3.72358753642903,0.495917550855877,1.20357832125152
1.55462646484375,-0.21875,-1.1461181640625,-3.6129150390625,1.98822717002893,3.84959391279817,0.628275901256405,1.28446293172784
1.67841688004041,2.37130658665877,-0.0296325105648037,1.0312737808226,1.98676363813466,3.78485079584817,0.61383276998233,1.220892803003
1.31430816650391,1.61024475097656,-0.678806304931641,-1.41974639892578,2.01287474005202,3.82238423187465,0.639569805828871,1.26784351489917
1.12676674127579,2.29934728145599,0.102399319410324,2.68612915277481,2.02533677524566,3.72510654909339,0.642083502526285,1.19447324777039
1.6165885925293,-0.698488235473633,-2.12339162826538,-11.8583679199219,1.99273176265493,3.75120350320669,0.509766099350082,1.21371253830626
1.17427587509155,2.62536907196045,0.0898153781890869,2.39944219589233,1.98352413302898,3.80671428826132,0.504102911395413,1.26090908139132
1.74899091483494,2.45616934288712,0.104293360416358,0.947852561069391,2.01576671483283,3.79480831749264,0.474341144760628,1.25669017060172
1.56464764360474,2.31240547931304,0.35332684786554,1.25049086932993,1.98052579981203,3.70516018982099,0.574560604143677,1.30497825447287
1.72949400157175,2.3268710841469,-0.0528214886552374,1.0861688754816,2.06344848567917,3.7641155079658,0.608498825581344,1.31265989090448
1.83212280273438,0.380502700805664,-2.22795629501343,-9.66049194335938,2.02166874238954,3.79292702076163,0.534856952493321,1.30227801413154
1.64186042042756,2.4217404411298,-0.234670478062779,1.19914403382306,1.95524304229326,3.80118139847401,0.570853473679054,1.27506036355041
1.93484133481979,3.16264247894287,0.184132043272257,0.00216788053512573,1.99694167397875,3.76810289367112,0.551040605641944,1.28912487818148
1.03648662567139,1.62138366699219,-0.402265787124634,0.456766128540039,1.97606903819406,3.81513186422769,0.535538719711622,1.344597435416
-0.131843566894531,1.65738582611084,0.273183822631836,4.65462684631348,2.03153107396344,3.77686755086341,0.509050443260213,1.35967628235278
1.70445818297986,2.57821984209795,-0.216811825072937,1.05759729394169,2.02793454283208,3.92737017330175,0.651173050823086,1.37290098348908
1.6855329113022,2.30708600537194,-0.698418143436387,0.957249931130912,2.03135139472611,3.70193245960267,0.558792021649847,1.0799892628845
1.7841854095459,0.506499528884888,-2.06631374359131,-8.93924403190613,2.00437067097089,3.87983592232027,0.581354340892381,1.36599855027571
1.71377669723426,2.36686710393794,-0.540030155645423,1.38526744923973,2.01815188510905,3.81545421961826,0.590563215165065,1.28765635117713
1.635986328125,12.026611328125,2.52880859375,12.06689453125,2.05159357649123,3.80853762152355,0.599594432514456,1.34327541666138
1.456298828125,1.88697814941406,-0.731147766113281,-2.16946411132812,2.03663797185135,3.73744530866533,0.554298831549017,1.22557076673235
1.42927169799805,3.3287239074707,-0.0345735549926758,0.106803894042969,2.02829331724632,3.83181032061721,0.606892955118224,1.27598212158178
1.71443316251806,2.3602872286873,-0.0211736758975135,1.03294407432091,2.02817123895154,3.79701687712441,0.549581114379937,1.27843319994334
1.05406951904297,1.73782157897949,-0.356130599975586,0.0360183715820312,1.95777934800284,3.92119683381069,0.614775239351749,1.41503855005895
1.61176200604617,2.32122933826803,-0.248356976693518,0.99638388822355,2.01394879657655,3.77726135085545,0.494107603122319,1.18724763036842
2.70641231536865,0.137986183166504,-2.10744261741638,-14.5467700958252,1.97075679675606,3.82915317286622,0.634226571496503,1.33030961311073
1.40392303466797,1.96082305908203,-0.4039306640625,-1.01097106933594,2.01547914086172,3.7945808557733,0.608321738463267,1.29509034352626
1.37574923038483,1.78603881597519,-0.458497926592827,-1.31875178217888,2.00323351820676,3.71751021767945,0.58039513456973,1.25699483218517
1.70873811570599,2.38169576602396,-0.211339608262333,0.849941969504592,1.95424738704824,3.74590281217847,0.52849053591226,1.23375885100889
1.59236145019531,1.14285278320312,-0.859367370605469,-2.50411987304688,2.00101467314258,3.81417961032966,0.53507974438661,1.23503211678072
1.37289428710938,1.35563278198242,-0.730608940124512,-2.28691482543945,2.00622568555175,3.83022227201186,0.533203361374513,1.30039742196018
1.62370542573496,2.37757745701036,-0.242961327585097,1.06826235911045,1.99398087774771,3.76585453506151,0.55880705788856,1.21432164881904
1.77557373046875,1.21246337890625,-0.7501220703125,-3.3446044921875,1.99659332025289,3.79468825247406,0.512271632756261,1.17911676437958
1.67451774776248,2.43460279497026,0.173259044439309,1.09230235041355,1.99482572294812,3.77887371232075,0.529861989375542,1.329902586008
1.60931921713857,2.35440030602733,-0.0750989825298739,1.13249990504299,2.00282557376861,3.89748840083895,0.561520821389193,1.22235494222966
1.66424938457199,2.41642304007329,0.063021162061776,0.838042251788411,1.99267056023451,3.82807748427257,0.592202082808046,1.35190387363118
1.6997777164729,2.39561824571684,-0.408274436174952,0.922150269649208,2.00542430470353,3.77557203346757,0.554923809923313,1.20860531260705
1.78317260742188,1.55783081054688,-0.710174560546875,-1.98638916015625,2.02216533250146,3.83158144048609,0.68014856066417,1.34919315196031
1.63314166156377,2.32145778109756,0.201697315086072,1.22721726914184,2.0076671916144,3.78618769247949,0.524376896272176,1.21613951072221
1.2593994140625,0.91412353515625,-0.965728759765625,-3.2930908203125,2.04971143246076,3.8278051738279,0.565139522545909,1.25962848560132
1.2830924987793,1.33613586425781,-0.775688171386719,-1.83789825439453,1.99401964464452,3.84891092124472,0.627726897472174,1.33455565695901
2.0052490234375,2.581787109375,-0.5069580078125,-2.2332763671875,2.00353472827451,3.89322222818381,0.553701967650799,1.35169719768938
1.6857426259951,2.47363881100982,0.19127450571556,1.45329424243583,1.98551203025968,3.87638934698238,0.612349360052062,1.18348174131709
1.76434067126368,2.43355271872141,0.0959553489906074,0.954871594945444,2.03809871832253,3.84551287274954,0.512027600357019,1.35459140763919
1.09098815917969,1.18988037109375,-0.706710815429688,-1.43944549560547,2.03846822078301,3.80672428552774,0.573509416922066,1.24870599636347
1.6854393062412,2.37595231727559,-0.106344087311818,1.12906543812391,2.04624073806037,3.80786081669892,0.590125555220657,1.22522194653346
1.69218444824219,2.44912719726562,-0.382331848144531,-0.489883422851562,1.99919781048751,3.83753137442518,0.555487996911703,1.34080942427013
1.22866821289062,1.73743438720703,-0.810760498046875,-1.66961669921875,1.96639055407198,3.73827500185801,0.613411830469752,1.32485691788693
1.63373211772331,2.36314116774107,-0.294361253990163,0.951038389328658,1.97094499216026,3.83757095209073,0.497246535966283,1.28856882791218
1.70925590022632,2.38606844470545,-0.257957324961245,0.686229463310682,1.99463219067199,3.74567374252762,0.613911722418511,1.25043828040449
1.74498854695827,2.42405951372771,-0.0596822352408309,0.877769739281801,2.02539960674816,3.84986813142325,0.534698117672095,1.30838989751969
0.805220633745193,1.40709781646729,-0.644919291138649,-0.588851481676102,1.99057878596589,3.72441518358896,0.608772711509731,1.26984823410605
1.35833740234375,1.81723022460938,-0.616123199462891,-1.11772537231445,2.00881906841968,3.89499672009483,0.594507215244442,1.34562244949585
1.60742711645124,2.28882104882401,-0.0182031687633935,1.08760707371741,1.971477506787,3.79167172814692,0.54701694461395,1.17445468774875
1.35699081420898,1.61843872070312,-0.749486923217773,-2.03714752197266,1.97381587425068,3.77285749437248,0.533870016930007,1.31459507441141
0.702911376953125,-0.299285888671875,-1.18608093261719,-2.41696166992188,2.09451277035624,3.76119037906929,0.498536232684037,1.28801137689511
1.67354824266804,2.38314697116704,-0.233697590142558,1.11012162717162,1.99355569662211,3.80997702316469,0.579515773632489,1.32768357629023
1.36883544921875,1.977294921875,-0.458587646484375,-0.751708984375,1.9955117247687,3.77798915160536,0.550926598108077,1.22439007134666
1.18804901838303,0.186110198497772,-1.67060162127018,-7.40460085868835,1.96613190704738,3.87387254255925,0.591324701735829,1.32758905572161
0.68280029296875,1.135498046875,-1.05747985839844,-1.6468505859375,1.96505349045874,3.83783696092457,0.605208146701098,1.19162665259405
1.67478472972914,2.50401657781437,-0.0342606309331023,1.22722179505853,1.97650678965197,3.88915973242991,0.591390684360023,1.36338837180975
1.70468592437091,2.44185870040699,-0.285408677034956,1.15106180474015,1.9904332801993,3.83023018197945,0.674709095280057,1.30664801614888
2.3231201171875,1.960205078125,0.1773681640625,-4.16650390625,2.01175214697051,3.7147339246128,0.519341249126817,1.24531574685635
1.73036710981751,2.41819391357912,-0.239479256342208,0.679269622644043,1.97445811563429,3.82405631594195,0.536359109560335,1.26912282730268
1.91921997070312,-0.327972412109375,-2.01083374023438,-5.07192993164062,1.99941533062912,3.73041189080555,0.61856967044148,1.28683675972053
1.38897310197353,1.55577921867371,-0.724305249750614,-1.82784023880959,1.99573406666837,3.79392567821156,0.533180765583117,1.37152572638094
1.3021240234375,2.13850402832031,-0.375278472900391,-0.276199340820312,1.96410320602956,3.71025582212009,0.626529851247082,1.30786891855081
1.39482092857361,2.28967118263245,-0.283530712127686,1.85902261734009,1.98080519289654,3.86946019131479,0.638150833140604,1.32968001618847
1.5845742225647,3.03630399703979,0.461735963821411,2.69617986679077,2.01584644006446,3.77706353933735,0.602405920276578,1.31031118403243
1.64122011171886,2.40127680527657,-0.208270221837002,1.32012436092311,2.04790216198882,3.75631113643447,0.558743162971791,1.23599482972048
1.239990234375,1.51451110839844,-0.791023254394531,-2.12568664550781,2.00336381362878,3.74249764281803,0.577422894880196,1.20773313595675
2.07980346679688,1.95614624023438,-0.462188720703125,-2.68048095703125,1.9647129717431,3.80545333506416,0.468328297389652,1.32881937539436
1.0029296875,-2.9068603515625,-2.4776611328125,-6.9234619140625,2.00898947228892,3.74088127679011,0.596979685323712,1.27065402873546
1.28984069824219,1.62092971801758,-0.698997497558594,-1.32596588134766,2.00811756649496,3.7859780550385,0.64705228797379,1.38119127462696
1.75955200195312,2.30337524414062,-0.331649780273438,-1.18246459960938,1.98608815801587,3.79332105134957,0.531142244531715,1.29296511082513
1.26220703125,1.03274536132812,-0.989273071289062,-3.33026123046875,2.00417869865546,3.76002408164392,0.520753387837779,1.25228994120017
1.58013916015625,2.73553466796875,-0.242134094238281,-0.05126953125,2.00114676067206,3.77549680033604,0.580886353122578,1.16768903182174
1.4197998046875,2.15214538574219,-0.344917297363281,-0.350433349609375,1.97997330680084,3.79197918949223,0.619150262881057,1.25471571761728
1.30740308761597,2.98719358444214,0.707379341125488,3.7193284034729,2.00193108117163,3.79306253056062,0.636245676098878,1.32008551538777
1.45466613769531,1.03218078613281,-0.795204162597656,-2.456787109375,2.03213623778341,3.86508984498768,0.452858174187763,1.28278063428743
1.81212520599365,2.22601187229156,-0.243096366524696,-1.4187805056572,2.03723149108164,3.84972618157651,0.538790892099558,1.29798518752108
0.837215304374695,0.50081479549408,-1.4617708325386,-3.36167430877686,2.00458320172269,3.88854136027596,0.582044076669823,1.35709466078206
1.67959753870685,2.39524299008441,0.139316195613627,1.67308775894625,2.03571705911668,3.7829804885177,0.557433156265416,1.28867907656753
1.63277576537883,2.37209951892786,-0.0983277560270389,0.874571433749022,1.94527367436368,3.81573952607088,0.627452195491572,1.30720459901285
1.71040113518809,2.31277575528802,-0.182313619703414,1.25179314100043,1.96356342627937,3.786608425608,0.576470387323268,1.23766463848774
0.552765846252441,1.86295700073242,0.874292373657227,6.19575977325439,2.01099463304724,3.81321936349126,0.47925400866346,1.22725921407582
1.94166135787964,2.87798690795898,-0.0919334888458252,-0.646626949310303,2.01803928423115,3.86630648661239,0.568618416688385,1.34329996047603
1.13386058807373,1.79053092002869,-0.251222014427185,1.03118348121643,1.94723885932631,3.91232589544963,0.642029555590802,1.294831085333
1.69371479864858,2.47084852005856,-0.0379739888626517,0.743388335908021,1.96602941163354,3.81402677266369,0.552022652265793,1.30746912162565
1.55877685546875,2.96063232421875,-0.1016845703125,0.71868896484375,2.00862729085476,3.81856715150344,0.550608055247028,1.20777980836083
1.66316359558292,2.39301696029976,-0.153058931003977,1.2784112119545,2.01535380233843,3.85186012112868,0.584983965391259,1.32212657084938
0.884395599365234,1.43743705749512,-0.447173118591309,0.549016952514648,2.00430525357497,3.78336411192519,0.491738765985323,1.27028199337796
1.63514281326871,2.31041033269818,-0.279033966957106,0.926440026494361,2.01669492878455,3.77129077936803,0.67843170709422,1.27265127223686
1.10057146847248,0.994657248258591,-0.895060263574123,-3.31385727226734,2.06310008954677,3.82121121946636,0.555310413813946,1.30210320534054
3.39013671875,2.53515625,-0.88525390625,-7.01318359375,2.00054394793929,3.75730544628092,0.499106946028622,1.1723359774188
1.78448486328125,1.5350341796875,-0.849273681640625,-1.962890625,2.00802735411051,3.81231430817775,0.668450816249936,1.2961690449021
1.67335510253906,1.70687866210938,-0.488555908203125,-1.42605590820312,2.01707033933104,3.76562301913392,0.625820571818517,1.28363898415778
1.67613367447902,2.39143756870315,-0.246959942848206,1.22370054767809,1.96741526263696,3.87200248429042,0.504719107445888,1.28793340582814
1.51435852050781,1.44178771972656,-0.72930908203125,-1.9703369140625,1.98247160751839,3.7537902420909,0.552868743345043,1.22249511331674
1.62983926474524,2.32549187242431,0.151693968346315,1.04328064496628,1.99734638736262,3.82472267293236,0.563200043258344,1.39486016263334
2.826171875,3.08209228515625,-0.421844482421875,-4.8011474609375,1.98790161768729,3.76137837637805,0.608559161077829,1.24061385703918
5.72314453125,4.65576171875,0.9769287109375,-7.0313720703125,1.991947052817,3.8510952268117,0.493185867414221,1.3272629930476
0.408084154129028,1.29443693161011,-0.240371584892273,3.2240469455719,2.10005447533866,3.70630961913101,0.595842734510015,1.18937205927092
2.05678868293762,0.350457191467285,-1.40437918901443,-10.0282636284828,2.01956664232276,3.85165045777708,0.574298539921946,1.26011125575296
1.70435766553476,2.26944919169322,-0.279039525340577,0.636476445809971,1.95790392564619,3.85901899603838,0.598232334034212,1.44909886370134
1.71518314558129,2.45153163786981,-0.00289698860592019,1.29347506359497,2.0166426707129,3.8733680656738,0.569016569093841,1.27444849496143
1.72188815926921,2.41358504913951,-0.101128795158405,1.01500352962746,2.03015202593079,3.75028756615056,0.523239133596093,1.26694598929731
1.58656108379364,0.506175994873047,-1.43409430980682,-7.8159111738205,1.97972298487922,3.86202861401146,0.702806558549791,1.21432680778778
1.1600341796875,0.824920654296875,-1.0335693359375,-1.94781494140625,2.00839749298219,3.73462873993545,0.535664638846489,1.19749062375116
1.65353132883722,2.40682524024182,-0.129640436037542,0.870628613022832,2.0026326776912,3.79983879905028,0.585838638840791,1.23937868454007
1.63333995885597,2.49189554294916,-0.416528923716839,1.37182910584775,1.96411665283376,3.74056452719436,0.555976368713094,1.29956477186243
1.7411546590649,2.26739230060548,0.139182499857598,1.12857344342992,2.0242676213722,3.7212911211733,0.614854349528091,1.28592518596585
-0.9219970703125,-1.143310546875,-2.21514892578125,-2.264404296875,1.98541943177648,3.65683528409348,0.452821215977712,1.14733694092945
1.36369752883911,2.23074340820312,-0.397246122360229,-0.391843318939209,2.09315946863938,3.89343558225923,0.612915811809029,1.36173925387046
1.71336889232421,2.35975265802408,-0.17910949938004,1.18240512668537,2.02604802856755,3.80917999406526,0.630220289374078,1.289424270749
0.75018310546875,1.19003295898438,-1.00514221191406,-1.58102416992188,2.03733730032379,3.84180925253801,0.558371694057281,1.34301316918009
1.58872369391069,2.36321022009057,-0.0656113667664182,1.06913458195877,1.97911628604622,3.79215816916132,0.604089338346091,1.32475517512958
1.77120412160232,2.54837695755562,0.111215157963518,0.894649577195684,2.03702668845919,3.8431764496277,0.568778063744936,1.26368809113236
0.17523193359375,1.02618408203125,-1.09567260742188,-0.61517333984375,2.00972825235388,3.87429691125913,0.544191133722991,1.32628707527686
1.84074401855469,2.40249633789062,-0.572242736816406,-0.975555419921875,1.97843276340814,3.82718586717697,0.606651311633922,1.36007439241764
1.6604954396045,2.41560122885921,-0.0426720591317719,0.739773983153432,1.9901201458425,3.85519826095885,0.60696963227711,1.19055535252935
1.70529174804688,2.48910522460938,-0.297134399414062,-0.59136962890625,1.93555558686892,3.85325620489945,0.624370779363223,1.30745201138877
3.74575805664062,-1.17633056640625,-4.30168914794922,-24.0907897949219,1.96658689692528,3.87686190028105,0.702264244329078,1.2974935391556
1.66389582146749,2.4727106300327,-0.0465185252258468,1.13191975270493,2.03288887215867,3.85716858063485,0.641113596284771,1.30998518869822
1.64217680919994,2.46143722133341,-0.402903506171695,0.609602038490218,1.99004095812815,3.89206640958945,0.61915213848125,1.2991721854514
1.68897943044473,2.34675007300506,0.129187999083916,1.30418619003341,2.00688700817392,3.72462951576587,0.559070668702156,1.19916454877405
0.966094970703125,0.00518798828125,-1.13494873046875,-2.35671997070312,2.0179061004912,3.68154360628287,0.581470928775284,1.13978871322474
1.70361328125,1.14083862304688,-1.01235961914062,-2.57965087890625,2.01613565674829,3.80608018389885,0.610508513870561,1.35468624052291
1.6273193359375,0.64947509765625,-1.4884033203125,-4.05255126953125,2.03210805522053,3.81410430732664,0.477782995024696,1.23996134185516
1.64320991025092,2.40668851598326,-0.0854846303559589,1.1858307213729,1.99551464071175,3.75262661472956,0.575727079547676,1.21514688540174
1.58950659997766,2.22858238939652,0.127965686902336,1.13922190996088,2.02958655962619,3.75749811034716,0.522359353381186,1.17707815325756
1.67685914058584,2.38591734678244,-0.159942132215281,1.2582307924066,1.94482058654087,3.77443805568982,0.531488271590717,1.36555277391385
1.18022155761719,1.38010597229004,-0.797064781188965,-2.00106048583984,1.99109016527285,3.79969353266751,0.677621090179472,1.31055338787763
1.71525631742866,2.48502415796103,-0.162311017218757,1.45800221616557,2.01446423984759,3.75781551814441,0.514199908876776,1.22002738494607
1.68110824866581,2.32818781197664,-0.146564166213051,1.04944980576615,2.01647267771467,3.81351190061948,0.510605173585328,1.29414708129417
1.40944838523865,2.84911632537842,0.102836966514587,2.48950529098511,1.99718731737599,3.71766994171786,0.486024465408055,1.22727062321511
1.1912841796875,1.58625793457031,-0.482627868652344,-1.08195495605469,2.00038138767144,3.83980550929242,0.670696861919271,1.29506866928425
1.48412692546844,2.67015206813812,0.136710293591022,2.59718406200409,2.06397011260771,3.74737973015494,0.573855169414379,1.21164903851286
1.66475795135895,2.3746307067409,-0.102943109979254,1.06923733865366,2.02072339088193,3.76836505645737,0.526351287974489,1.18942461171626
1.79150485992432,3.56571245193481,0.325262188911438,4.40782189369202,1.98143607012123,3.69518703717375,0.501805569648067,1.22448925656184
1.66737709603287,2.40427088128395,-0.385125719243018,1.19019742077025,2.00544385053419,3.81000275041453,0.605032726605549,1.1912860257965
0.575668334960938,2.81277465820312,1.33223962783813,7.4109525680542,2.00830507398951,3.91216425421559,0.623371584445532,1.32824426838684
1.66997108089573,2.30929072946259,-0.203203549438255,1.14434930415075,1.96494471746319,3.86223994295161,0.553669705869595,1.3743264520036
1.62092746188173,2.30437982990394,-0.138476306495099,1.2710108699639,1.98939353628371,3.76932901324435,0.596471000884808,1.20245385245993
0.959377288818359,2.49414443969727,0.227415084838867,3.08556365966797,1.97736719352731,3.89726958515004,0.598681414801297,1.31649143844722
1.12237548828125,2.10882568359375,-0.296478271484375,-0.177154541015625,2.02113457208993,3.891798929396,0.615882006208564,1.28827796626836
1.74007246265438,2.35189971967914,0.0683605273829929,1.12453209605887,2.00504174354646,3.78022124091844,0.529188895967071,1.23163124986782
1.30696105957031,1.63608932495117,-0.669273376464844,-1.36126327514648,1.99566585322697,3.80527825550026,0.724662266492557,1.39721019732471
2.46527862548828,0.908946990966797,-1.8228874206543,-11.005277633667,1.99806255303385,3.86349517943843,0.631880791076712,1.28340892607533
0.646240234375,-6.602294921875,-3.801513671875,-11.170654296875,1.99809916189009,3.75497542392124,0.623765576739061,1.3384709812579
1.00464820861816,1.10980892181396,-1.10592794418335,-2.94367027282715,1.95758961737804,3.91448651252857,0.516905249094074,1.3723261363771
4.35498046875,9.52490234375,2.719970703125,7.10009765625,1.96530108685186,3.75727836828316,0.595534295424349,1.29319827575167
0.3355712890625,-1.93267822265625,-1.87265014648438,-3.1317138671875,1.98745748641715,3.67162110944586,0.580420852445062,1.24845101062887
1.68438407336506,2.35411922437976,-0.568253585225379,1.14907423379714,2.03713755684272,3.790548408912,0.522709511683893,1.18773739133703
2.29244565963745,0.25551301240921,-2.45468679070473,-11.0848046541214,1.98771322797102,3.7082955655591,0.642428967676656,1.16470626740986
-0.2457275390625,-4.2130126953125,-2.515380859375,-4.9400634765625,1.96983573246672,3.76833668068777,0.48779023930831,1.28464757857973
1.59355329891963,2.42702278678603,0.0670736170424245,0.862192552787818,2.01984454280412,3.95520967940471,0.584986216832955,1.31976734213552
1.68877773201377,2.40189907218413,0.376325629094121,1.05378082651105,2.05126774354117,3.83791379728189,0.48286913704784,1.42527284868088
1.25753784179688,1.68838500976562,-0.5335693359375,-0.614410400390625,1.98129683204264,3.68194770987393,0.526977523583348,1.22675142592396
1.34062194824219,1.56190490722656,-0.889274597167969,-2.784912109375,1.93752493407704,3.76818626593449,0.514127051524273,1.13520123846459
0.523842453956604,2.41234868764877,0.258089900016785,6.00853478908539,2.03918546355261,3.8517960179729,0.548841233684453,1.26126724745767
1.70822400008461,2.47576640063838,-0.403606632277121,0.915334221133091,1.98679754673896,3.84742134429303,0.520945788211207,1.29808657138444
1.75430297851562,3.57365417480469,0.103561401367188,0.4237060546875,2.03919887844317,3.80324692735459,0.575781931977384,1.33635972665723
4.19844055175781,3.65470886230469,-0.151573181152344,-5.95893859863281,2.02145927040054,3.84578269621981,0.57989254860905,1.27702743046677
1.64583339597564,2.40746948017921,-0.406039552053429,1.13582961353018,1.9423533726361,3.78719605093916,0.481907666120103,1.33166490931601
1.99809777736664,0.60146164894104,-1.85665863752365,-9.96741819381714,2.0019336171618,3.77367421666613,0.492707272976907,1.28340136238753
1.71182449499118,2.31147978539148,0.0415497228890293,1.28285001132345,2.00086551584772,3.7810674347941,0.546870631295868,1.26636421237488
1.2393084615469,-0.0166005492210388,-1.94148677960038,-7.63637539744377,2.01475944459358,3.85741269037206,0.556025916920891,1.23369751239091
1.01260375976562,1.27322387695312,-0.983055114746094,-2.19586181640625,1.96142780407896,3.69973009418747,0.519109077491285,1.18577515024038
1.63655708556391,2.28726475943875,-0.18373748484916,1.446085365555,1.96642959513644,3.66906602871919,0.492143845466141,1.11054373951858
1.71160820829522,2.36970785779965,-0.0400184692532566,1.17023272729882,2.01939693804689,3.77516600750488,0.508340137587891,1.24608034425133
1.66400146484375,1.31582260131836,-1.07541465759277,-3.10150909423828,1.99174620929328,3.82686804255447,0.530941969142824,1.29897199383229
1.19000244140625,1.66156005859375,-0.599029541015625,-0.658935546875,1.93881690643815,3.83548143004855,0.592118936228842,1.23609396905581
1.2149658203125,0.595458984375,-0.958969116210938,-2.39144897460938,2.01777255362851,3.70570150480297,0.616260767733219,1.1988524954364
1.10833740234375,1.55594635009766,-0.564136505126953,-1.09452056884766,2.01135809547411,3.8702290272234,0.527375362993476,1.17821585843047
1.75577954700514,2.4386239455212,-0.290575994861033,0.726324764363477,2.04570492120438,3.7891625960158,0.585120523095921,1.27200024860962
0.549556255340576,2.14367580413818,0.452537536621094,5.30431604385376,1.92586992076192,3.82989794267413,0.536207242958145,1.36778041961111
1.71468553649418,2.39254769095063,-0.565932114069343,1.05844868430032,2.03803115830278,3.87920582322914,0.464876676979002,1.25535059956687
1.73644682951272,2.04619505815208,-0.830917329527438,-5.51099340245128,1.95840021640678,3.81132488758101,0.519923949131374,1.26676821332139
1.1856689453125,-0.286376953125,-1.52410888671875,-4.03118896484375,1.94292819397727,3.72754507539903,0.494136337029221,1.16535290103587
1.41575622558594,0.494369506835938,-1.12180328369141,-3.15526580810547,1.97604245129609,3.7352427279222,0.478850941912682,1.19728304531772
1.65872075486033,2.47544652747789,-0.171518204951369,1.05200416221613,1.96585309464181,3.94379413447697,0.615886552000336,1.30479690688224
1.97527833282948,0.780977338552475,-1.09250565618277,-8.28552094846964,2.04957948792118,3.76591408933439,0.533579495039625,1.19076486713896
2.065185546875,2.1614990234375,-0.470703125,-3.3387451171875,1.94588872172554,3.7435309153263,0.479189164513812,1.19944435465299
1.73402125088551,2.48177031617147,0.0475378445915433,1.14949412119042,2.00863469714592,3.89680943735727,0.683323621829079,1.35051750924581
2.32887268066406,3.99579238891602,0.563533306121826,2.22053527832031,1.98295569030676,3.79432783260071,0.50618547366342,1.27611848171167
1.63193229495528,2.28048196818146,-0.383683668367457,1.19058134111862,1.98843478902735,3.6758926750879,0.498853821082985,1.16716993306794
1.99380493164062,2.08468627929688,-0.388015747070312,-1.13101196289062,1.98330713879604,3.74807744650004,0.468570824329447,1.33221047020029
1.38984680175781,2.34891510009766,-0.314598083496094,-0.446159362792969,2.04791284354142,3.74110360331401,0.573052910242264,1.20789438816704
1.53632276788866,2.24709460929425,0.00536784585746697,0.977496271123532,1.98115672430673,3.72201990699566,0.507883527753394,1.27045079393935
1.44943237304688,1.6238899230957,-0.705533027648926,-2.03521156311035,2.022000705312,3.71991366213676,0.562898102378168,1.22667814975062
0.993989944458008,2.04080867767334,-0.23650598526001,1.6191234588623,1.97194759231451,3.82133334898164,0.568477191422091,1.28385738571737
1.05770874023438,0.75677490234375,-0.93310546875,-1.9776611328125,1.99402926994098,3.78917687321564,0.629100062344221,1.2955961617297
1.32385063171387,2.01317167282104,-0.432425975799561,-0.665014266967773,1.99282343576807,3.82643553349713,0.583844988587082,1.36949469038736
1.32088851928711,1.3984260559082,-0.817699432373047,-2.28146743774414,2.00450777680297,3.72586480563502,0.498850047151478,1.23146634899862
1.22027206420898,1.65011215209961,-0.678876876831055,-1.83552551269531,1.93733483950053,3.74393353466955,0.609749210666736,1.36897217072889
1.7583672228442,2.49779515709588,0.00867005548957667,0.998038924328041,2.0160966709835,3.80824436930456,0.661892264758191,1.36026167669082
1.48109436035156,1.29763031005859,-0.820510864257812,-1.83995056152344,2.00950120049339,3.81104489218468,0.611025926552531,1.31156492771652
1.74037170410156,1.69084167480469,-0.870529174804688,-3.00241088867188,1.99752949739948,3.69208858761115,0.456343463291828,1.1746310819581
1.68776666648939,2.3978932288627,-0.00408156854451813,0.864501443554921,1.99626643204232,3.75978050064266,0.555095884045729,1.28285423844526
1.68120809245249,2.48550012244267,-0.285926834099532,1.33372313737479,1.98117503998935,3.86554535677528,0.496802908654583,1.35517720816644
1.64020158556556,2.35508670351175,0.0217831815995452,1.31053421173526,1.9899186370859,3.80696934245523,0.576207027873229,1.32824024802032
1.61774619429863,2.40646490843756,-0.471389975631847,1.23120459478833,1.95383405641034,3.88477994923701,0.610750514330966,1.25511537932908
1.13037595152855,1.68502587080002,-0.190079048275948,0.521996438503265,2.04055606364125,3.74831683380913,0.536925257058115,1.16684394537223
1.7565598389443,2.35294567145332,-0.0621624895409995,0.906288216573266,2.03731227994694,3.75340330604996,0.485941467722032,1.24568568122188
1.64776581599152,2.44764129072689,-0.0235540120330139,1.25396444770751,1.96400081296652,3.84161230537633,0.621880019022456,1.29223957099386
1.72757545998224,2.44341506350104,0.0342448943108306,1.20114800132924,1.99864188821984,3.82421870713266,0.597303184463331,1.32313276242758
2.10400390625,3.53778076171875,0.107330322265625,0.22576904296875,2.04661577538086,3.83408531390759,0.59176797278319,1.34134281958119
1.51588026605449,2.31491218368177,-0.0477448052408907,1.17647640985496,2.0331982852811,3.76891407911653,0.476437684779455,1.13477704458884
1.75286865234375,2.06710052490234,-0.1864013671875,-1.00278472900391,1.95846360554932,3.77968297657117,0.599387696888859,1.36352702946167
1.70422717325191,2.43978853256113,-0.196067275685009,1.2259852743363,2.01582099915819,3.81777337463897,0.56176140647246,1.22856263066156
1.16278076171875,1.48437881469727,-0.750347137451172,-1.72944259643555,2.02284200186285,3.86891607966129,0.454178307805676,1.31832324598031
1.43955230712891,1.23946380615234,-0.608818054199219,-2.07317352294922,1.96113697179377,3.7044975990344,0.541534729094551,1.24071056476666
1.40661239624023,1.19486045837402,-0.899540901184082,-2.3289909362793,2.00524723262032,3.72658275270732,0.535161977362587,1.24122086348402
0.864280223846436,1.94051671028137,-0.113095462322235,2.26724886894226,2.03648236709621,3.84024155525924,0.577812280407586,1.2990734748381
2.22810554504395,-0.576652526855469,-2.63807122409344,-16.6095523834229,1.96635117996899,3.76712380746987,0.49087240850401,1.31184459383186
1.68831905052044,2.27767291996232,0.123851554035463,1.20511489010696,1.9832905545471,3.76943352414303,0.563308072995758,1.21622933260395
1.38079833984375,1.81951904296875,-0.462066650390625,-0.56378173828125,2.00340670851367,3.82743346204427,0.580637836473319,1.17460561861699
1.705391877229,2.43920401672109,-0.130382660980917,1.23996388903046,1.97112038146261,3.8484095367297,0.638654819682084,1.33755767405093
1.4417724609375,0.772308349609375,-1.30408477783203,-2.68003845214844,1.94205633352914,3.73417428231706,0.58347752648739,1.22008534460754
2.69091796875,5.0665283203125,0.7069091796875,1.303955078125,2.01850783405336,3.76821508157513,0.633079377698013,1.28910769716377
2.18988037109375,3.89364624023438,0.232070922851562,0.70379638671875,1.96523651869843,3.75619393979794,0.506166845751036,1.21883490687276
1.23711204528809,-1.07816886901855,-2.95958852767944,-13.7732419967651,2.04221771978819,3.85416668428017,0.514700129088839,1.25989751719004
